Title,Channel,Category_ID,Views,Likes,Comments,Hours_Since_Published
รวมเพลงเก่าเศร้าใจ ยุค 90's V.8 | โกหกหน้าตาย | วิชามาร | หลอกใช้ | ดูโง่โง่ | Cover music, Summer Music,10,49102,238,6,17.1
Official Trailer l คาถา นะ มะ อะ อุ,Mahasombatfilm,22,24581,112,157,121.7
การแข่งขัน RoV นานาชาติ APL 2026 Wildcard วันที่ 4,Garena RoV Thailand,20,704884,3503,39,23.2
สิทธิ์ของเจ้า - ไหมไทย หัวใจศิลป์【OFFICIAL MV】, ไหมไทย หัวใจศิลป์,10,962499,19134,838,83.1
TEKKEN 8 – Yujiro Hanma Teaser,Bandai Namco Entertainment America,20,1037348,71386,8861,17.2
แกล้งตาย หลอก Killer 🔪 MM2,TOR Torpedo,20,86750,1895,288,5.5
"Shakira, Burna Boy - Dai Dai (Official Video)",Shakira,26,15271484,1038136,64790,46.9
BACKROOMS นรกห้องลับ - Official Trailer [พากย์ไทย],Major Group,1,19271,1395,70,10.1
🔴LIVE สด! 𝐏𝐔𝐁𝐆 𝐆𝐋𝐎𝐁𝐀𝐋 𝐒𝐄𝐑𝐈𝐄𝐒 𝟐𝟎𝟐𝟔 𝐂𝐈𝐑𝐂𝐔𝐈𝐓 2 𝐒𝐄𝐑𝐈𝐄𝐒 4 | FINAL STAGE วันที่ 2,PUBG: BATTLEGROUNDS THAILAND,20,345079,3480,99,24.9
ฉันผิดเองที่รักเธอ (It’s all my fault) Ost.ลัลล์ไม่ชอบไวน์ Enemies With Benefits - Jan Ployshompoo,GMMTV RECORDS,10,33575,5992,400,7.1
[REACT] Official Trailer คิดว่าคณิตหรือโตโต้จะมีอาการกว่ากัน 😳 #ADogAndAPlane,GMMTV OFFICIAL​​,24,9068,1375,90,5.4
10 YouTubers vs 1 Secret Traitor,MrBeast Gaming,20,18351693,461370,18866,47.1
WanMai - แก้วที่แตกไปแล้ว 「Official MV」,WanMai,10,15230,1018,69,10.1
Dead by Daylight | Jason | Official Trailer,Dead by Daylight,20,1033323,79507,6452,48.1
ความจริงที่กล้ำกลืน | Directive 8020 - Part 7,HEARTROCKER,20,171406,9960,553,24.3
รวมเพลงสตริงยุค 90 เพราะๆ ฟังแล้วใจละลาย 💖 เพลงที่ลืมไม่ลง,มนต์เพลงยุค 90,10,27179,153,5,41.1
Vought Rising - ตัวอย่างอย่างเป็นทางการ | Prime Video Thailand,Prime Video Thailand,1,70272,1788,182,73.1
RoV : สุ่มหมึก Eren ให้กายหงิด !,กิต งายย,20,98471,6992,1079,4.4
รวมเพลงเก่าเศร้าๆ ยุค 90 ฟังแล้วน้ำตาซึม | น้ำเต็มแก้ว | อยากให้รู้ว่าเหงา | Cover music,Slow Rock Pinoy Medley,10,29088,116,0,41.1
[ตัวอย่าง] เหมันต์ตะวันรอน EP.1 เตรียมพบกับความมันส์เต็มพิกัด คืนนี้ ตอนแรก | 25 พ.ค. 69 | one31,ช่อง one31,24,3675,61,6,8.1
พี่หล่อไหมน้อง !!,GOD PED,20,284209,4652,96,17.6
LE SSERAFIM (르세라핌) 'BOOMPALA' OFFICIAL MV,HYBE LABELS,10,8150683,363308,21219,83.2
LIVE FIVEM : ฉันฝันถึงเธอ,PRIMKUNG,20,230925,6417,86,18.8
รวมเพลงฟังแล้วใจละลาย 90's,Pon xina reco,10,10223,132,6,17.1
จุ๊บแจงท้อง ข่าวลือ หรือ เรื่องจริง !? ในBrookhaven 🏡RP,zbing z.,20,608572,10860,1003,60.1
หม้อหุงข้าว - โจอี้ ภูวศิษฐ์ Feat.พั้นช์ วรกาญจน์「Official MV」,Genierock,10,1131912,24050,1563,124.1
หินไร้ค่ากายหงิด | Rock Simulator,กาย หงิด,20,399991,16441,785,36.9
แก้วที่แตกไปแล้ว,WanMai - Topic,10,9429,483,0,22.1
67,OPZ TV,20,106655,6771,358,6.1
Hoobastank - The Reason (Lyrics),Dead Radio Club,10,1232254,4358,32,50.9
โปรตัวใหญ่ ไททัน67เมตร (เล่นยากมาก😭) Roblox MM2,สุดหล่อแห่งบ่อนํ้ามัน XD,20,137376,3391,870,35.5
Aaron Smith - Dancin (KRONO Remix),Rap Samurai,10,520623,2375,41,47.1
วันนี้รู้แชมป์ MiTH !!! PGS C2 [ Day 2 FINAL STAGE ] | PUBG,MinORu,20,115492,3066,9,23.5
BUS 'ดีใจที่ไม่มีเธอ (happy)' OFFICIAL MV,TADA LABELS,10,862559,51265,3830,123.1
พี่ฝนพี่เอก เข้าไปในหัวปุ๊กปิ๊ก  ใน Brookhaven 🏡RP,CKKID,20,26062,352,52,5.6
รวมเพลงฮิตลูกทุ่ง เพราะๆ ฟังยาวๆ 🎧 Live Version Vol.2,Pon Cara Music,10,21734,253,1,41.1
สายฟรี vs  สายเติม,ONAMO ㅤ,20,18092,598,106,5.4
รวมเพลงฮิตลูกทุ่งเก่าฟังยาวๆ | (Live Version) เพลงเศร้ากินใจ,Pon Best Songs,10,75925,707,22,65.1
"จะเลือกเป็น ""สกุชชี่ซาลาเปา"" แบบไหน? ในแมพกระโดด 🥟✨ Roblox Would You Rather: Dumpling Squishy Tower",Pohnyz,20,22742,343,53,5.6
สงสารพี่ทุย,เจนจัง ลานข้าว - Topic,10,24323,129,0,131.3
ไอ้บอยกลับมาแล้ว! PUBG,SkizzTV,20,106532,5361,262,25.6
รวมเพลงฮิตยุค 90 - 2000 ฟังยาวๆ ต่อเนื่อง 24 เพลง | ใจนักเลง / แพ้ใจ / เล่าสู่กันฟัง,คาเฟ่ความทรงจำ,10,7025,80,1,17.1
[TH] 🔴 MSL TH Season 1 | Playoffs Day 3,Official Mobile Legends: Bang Bang Thailand,20,192540,1949,55,26.7
จำไว้ - INK WARUNTORN [Official MV],BOXX MUSIC,10,990259,17242,903,123.1
แย่แล้ว! พี่เอกติดอยู่ในหัว พี่ฝนกับปุ๊กปิ๊กต้องย่อตัวจิ๋วบุกช่วยด่วนใน Brookhaven 🏡RP,vaha555,20,55610,563,66,28.4
สิทธิ์ของเจ้า,Release - Topic,10,31962,258,0,53.1
วิ่งเร็วจนเจอหลุมดำที่หายากที่สุด Roblox Be Flash For Brainrots,Thanks For Watching,20,58477,1327,77,25.1
ฮักพอเป็นพิธี - แอ้ม ชลธิชา【COVER VERSION】,GRAMMY GOLD OFFICIAL,10,4275,510,148,4.1
Free Fire เมื่อ วรโชติ บุกมาบ้านป๋าเเวร์  ป๋าเเวร์เลยจับมานั่งเทสเเคลน อย่างฮา,Were Wolf AS,20,65218,3184,134,25.3
Lana Del Rey - Cinnamon Girl (Lyrics),S&R,22,91059,408,5,24.1
